file_name,person_id,video_id,location_name
Turning To Shelf (30851),1,V0481,Rehana Store
Turning To Shelf (30881),1,V0481,Rehana Store
Turning To Shelf (30911),1,V0481,Rehana Store
Turning To Shelf (30941),1,V0481,Rehana Store
Turning To Shelf (30954),1,V0481,Rehana Store
Turning To Shelf (30363),1,V0481,Rehana Store
Turning To Shelf (31010),1,V0481,Rehana Store
Turning To Shelf (31040),1,V0481,Rehana Store
Turning To Shelf (31070),1,V0481,Rehana Store
Turning To Shelf (31100),1,V0481,Rehana Store
Turning To Shelf (31130),1,V0481,Rehana Store
Turning To Shelf (31160),1,V0481,Rehana Store
Turning To Shelf (31190),1,V0481,Rehana Store
Turning To Shelf (31220),1,V0481,Rehana Store
Turning To Shelf (31250),1,V0481,Rehana Store
Turning To Shelf (31280),1,V0481,Rehana Store
Turning To Shelf (31310),1,V0481,Rehana Store
Turning To Shelf (31340),1,V0481,Rehana Store
Turning To Shelf (31370),1,V0481,Rehana Store
Turning To Shelf (31400),1,V0481,Rehana Store
Picking and Returning (4821),2,V0065,Alif Store
Picking and Returning (4851),2,V0065,Alif Store
Picking and Returning (4881),2,V0065,Alif Store
Picking and Returning (4911),2,V0065,Alif Store
Picking and Returning (4941),2,V0065,Alif Store
Picking and Returning (4971),2,V0065,Alif Store
Picking and Returning (5001),2,V0065,Alif Store
Picking and Returning (5029),2,V0065,Alif Store
Picking and Returning (5059),2,V0065,Alif Store
Picking and Returning (5089),2,V0065,Alif Store
Picking and Returning (5119),2,V0065,Alif Store
Picking and Returning (5149),2,V0065,Alif Store
Picking and Returning (5179),2,V0065,Alif Store
Picking and Returning (27709),2,V0065,Alif Store
Picking and Returning (5236),2,V0065,Alif Store
Picking and Returning (5266),2,V0065,Alif Store
Picking and Returning (5296),2,V0065,Alif Store
Picking and Returning (5326),2,V0065,Alif Store
Viewing (39317),6,V0664,Senyum 3 Store
Viewing (39347),6,V0664,Senyum 3 Store
Viewing (39377),6,V0664,Senyum 3 Store
Viewing (39407),6,V0664,Senyum 3 Store
Viewing (39437),6,V0664,Senyum 3 Store
Viewing (39467),6,V0664,Senyum 3 Store
Viewing (39497),6,V0664,Senyum 3 Store
Viewing (39527),6,V0664,Senyum 3 Store
Viewing (39557),6,V0664,Senyum 3 Store
Viewing (39587),6,V0664,Senyum 3 Store
Viewing (39617),6,V0664,Senyum 3 Store
Viewing (39647),6,V0664,Senyum 3 Store
No Interest (43107),7,V0803,KPRI Sumatera
No Interest (43137),7,V0803,KPRI Sumatera
No Interest (43167),7,V0803,KPRI Sumatera
No Interest (43197),7,V0803,KPRI Sumatera
No Interest (43227),7,V0803,KPRI Sumatera
No Interest (43257),7,V0803,KPRI Sumatera
No Interest (43287),7,V0803,KPRI Sumatera
No Interest (43317),7,V0803,KPRI Sumatera
No Interest (43347),7,V0803,KPRI Sumatera
No Interest (43377),7,V0803,KPRI Sumatera
Picking and Putting (36636),8,V0773,UNEJ Mart
Picking and Putting (36666),8,V0773,UNEJ Mart
Picking and Putting (36696),8,V0773,UNEJ Mart
Picking and Putting (36726),8,V0773,UNEJ Mart
Picking and Putting (36756),8,V0773,UNEJ Mart
Picking and Putting (36786),8,V0773,UNEJ Mart
Picking and Putting (36816),8,V0773,UNEJ Mart
Picking and Putting (36846),8,V0773,UNEJ Mart
Picking and Putting (36876),8,V0773,UNEJ Mart
Picking and Putting (36906),8,V0773,UNEJ Mart
Picking and Putting (36936),8,V0773,UNEJ Mart
Picking and Putting (36966),8,V0773,UNEJ Mart
Picking and Putting (36996),8,V0773,UNEJ Mart
Picking and Putting (37026),8,V0773,UNEJ Mart
Picking and Putting (37056),8,V0773,UNEJ Mart
Picking and Putting (37086),8,V0773,UNEJ Mart
Picking and Putting (37116),8,V0773,UNEJ Mart
Picking and Putting (37146),8,V0773,UNEJ Mart
Picking and Putting (37176),8,V0773,UNEJ Mart
Picking and Putting (37206),8,V0773,UNEJ Mart
Viewing (48958),9,V0786,UNEJ Mart
Viewing (48988),9,V0786,UNEJ Mart
Viewing (49018),9,V0786,UNEJ Mart
Viewing (49048),9,V0786,UNEJ Mart
Viewing (49078),9,V0786,UNEJ Mart
Viewing (49108),9,V0786,UNEJ Mart
Touching (53100),13,V0765,KPRI Kalimantan
Touching (53130),13,V0765,KPRI Kalimantan
Touching (53160),13,V0765,KPRI Kalimantan
Touching (53190),13,V0765,KPRI Kalimantan
Touching (53220),13,V0765,KPRI Kalimantan
Touching (53250),13,V0765,KPRI Kalimantan
Touching (53280),13,V0765,KPRI Kalimantan
Touching (53310),13,V0765,KPRI Kalimantan
Touching (53340),13,V0765,KPRI Kalimantan
Touching (53370),13,V0765,KPRI Kalimantan
Touching (53400),13,V0765,KPRI Kalimantan
Touching (53430),13,V0765,KPRI Kalimantan
Touching (53460),13,V0765,KPRI Kalimantan
Touching (53490),13,V0765,KPRI Kalimantan
Touching (53520),13,V0765,KPRI Kalimantan
Touching (53550),13,V0765,KPRI Kalimantan
Picking and Returning (65931),14,V0837,KPRI Sumatera
Picking and Returning (65961),14,V0837,KPRI Sumatera
Picking and Returning (65991),14,V0837,KPRI Sumatera
Picking and Returning (66021),14,V0837,KPRI Sumatera
Picking and Returning (66051),14,V0837,KPRI Sumatera
Picking and Returning (66081),14,V0837,KPRI Sumatera
Picking and Returning (66111),14,V0837,KPRI Sumatera
Picking and Returning (66141),14,V0837,KPRI Sumatera
Picking and Returning (66171),14,V0837,KPRI Sumatera
Picking and Returning (66201),14,V0837,KPRI Sumatera
Picking and Returning (66231),14,V0837,KPRI Sumatera
Picking and Returning (66261),14,V0837,KPRI Sumatera
Picking and Returning (66291),14,V0837,KPRI Sumatera
Picking and Returning (66321),14,V0837,KPRI Sumatera
Picking and Returning (66351),14,V0837,KPRI Sumatera
Picking and Returning (66381),14,V0837,KPRI Sumatera
Picking and Returning (66411),14,V0837,KPRI Sumatera
Picking and Returning (66441),14,V0837,KPRI Sumatera
Picking and Returning (66471),14,V0837,KPRI Sumatera
Picking and Returning (66501),14,V0837,KPRI Sumatera
Picking and Returning (66531),14,V0837,KPRI Sumatera
Picking and Returning (66561),14,V0837,KPRI Sumatera
Picking and Returning (66591),14,V0837,KPRI Sumatera
Picking and Returning (66621),14,V0837,KPRI Sumatera
Picking and Returning (66651),14,V0837,KPRI Sumatera
Picking and Returning (66681),14,V0837,KPRI Sumatera
